{
  "epochs": [
    0,
    10,
    20,
    30,
    40,
    50,
    60,
    70,
    80,
    90,
    100,
    110,
    120,
    130,
    140,
    150,
    160,
    170,
    180,
    190,
    200,
    210,
    220,
    230,
    240,
    250,
    260,
    270,
    280,
    290,
    300,
    310,
    320,
    330,
    340,
    350,
    360,
    370,
    380,
    390,
    400,
    410,
    420,
    430,
    440,
    450,
    460,
    470,
    480,
    490,
    500,
    510,
    520,
    530,
    540,
    550,
    560,
    570,
    580,
    590,
    600,
    610,
    620,
    630,
    640,
    650,
    660,
    670,
    680,
    690,
    700,
    710,
    720,
    730,
    740,
    750,
    760,
    770,
    780,
    790,
    800,
    810,
    820,
    830,
    840,
    850,
    860,
    870,
    880,
    890,
    900,
    910,
    920,
    930,
    940,
    950,
    960,
    970,
    980,
    990,
    1000,
    1010,
    1020,
    1030,
    1040,
    1050,
    1060,
    1070,
    1080,
    1090,
    1100,
    1110,
    1120,
    1130,
    1140,
    1150,
    1160,
    1170,
    1180,
    1190,
    1200,
    1210,
    1220,
    1230,
    1240,
    1250,
    1260,
    1270,
    1280,
    1290,
    1300,
    1310,
    1320,
    1330,
    1340,
    1350,
    1360,
    1370,
    1380,
    1390,
    1400,
    1410,
    1420,
    1430,
    1440,
    1450,
    1460,
    1470,
    1480,
    1490,
    1500,
    1510,
    1520,
    1530,
    1540,
    1550,
    1560,
    1570,
    1580,
    1590,
    1600,
    1610,
    1620,
    1630,
    1640,
    1650,
    1660,
    1670,
    1680,
    1690,
    1700,
    1710,
    1720,
    1730,
    1740,
    1750,
    1760,
    1770,
    1780,
    1790,
    1800,
    1810,
    1820,
    1830,
    1840,
    1850,
    1860,
    1870,
    1880,
    1890,
    1900,
    1910,
    1920,
    1930,
    1940,
    1950,
    1960,
    1970,
    1980,
    1990,
    1999
  ],
  "loss": [
    0.005616748624216784,
    0.005611115162936833,
    0.005605522219500034,
    0.005599969467784763,
    0.005594456583908863,
    0.005588983246171901,
    0.00558354913500178,
    0.005578153932905419,
    0.005572797324423193,
    0.005567478996086872,
    0.005562198636380807,
    0.005556955935706058,
    0.005551750586347391,
    0.005546582282442744,
    0.005541450719955223,
    0.0055363555966471655,
    0.005531296612056416,
    0.0055262734674743534,
    0.0055212858659258075,
    0.0055163335121505485,
    0.005511416112586334,
    0.00550653337535337,
    0.005501685010239975,
    0.005496870728689618,
    0.0054920902437889585,
    0.005487343270256949,
    0.0054826295244349245,
    0.005477948724277535,
    0.005473300589344544,
    0.005468684840793349,
    0.005464101201372221,
    0.005459549395414183,
    0.00545502914883148,
    0.005450540189110594,
    0.005446082245307801,
    0.005441655048045093,
    0.005437258329506651,
    0.00543289182343561,
    0.005428555265131212,
    0.005424248391446284,
    0.005419970940785003,
    0.0054157226531009245,
    0.005411503269895262,
    0.005407312534215364,
    0.005403150190653407,
    0.005399015985345249,
    0.0053949096659694235,
    0.00539083098174628,
    0.005386779683437229,
    0.005382755523344152,
    0.005378758255308762,
    0.005374787634712163,
    0.005370843418474419,
    0.005366925365054119,
    0.005363033234448085,
    0.005359166788190989,
    0.005355325789355037,
    0.00535151000254966,
    0.005347719193921168,
    0.005343953131152402,
    0.005340211583462352,
    0.005336494321605795,
    0.005332801117872791,
    0.00532913174608823,
    0.005325485981611275,
    0.005321863601334754,
    0.005318264383684538,
    0.0053146881086187535,
    0.005311134557627011,
    0.005307603513729536,
    0.005304094761476169,
    0.005300608086945366,
    0.005297143277743038,
    0.005293700123001329,
    0.005290278413377306,
    0.005286877941051553,
    0.005283498499726648,
    0.005280139884625559,
    0.005276801892489913,
    0.005273484321578199,
    0.005270186971663834,
    0.005266909644033133,
    0.005263652141483177,
    0.0052604142683195364,
    0.005257195830353937,
    0.005253996634901782,
    0.005250816490779579,
    0.0052476552083022205,
    0.005244512599280226,
    0.005241388477016759,
    0.005238282656304649,
    0.0052351949534232296,
    0.005232125186135087,
    0.005229073173682682,
    0.005226038736784885,
    0.0052230216976333985,
    0.005220021879889006,
    0.005217039108677837,
    0.005214073210587374,
    0.005211124013662492,
    0.005208191347401258,
    0.005205275042750753,
    0.005202374932102679,
    0.005199490849288936,
    0.005196622629577045,
    0.005193770109665506,
    0.005190933127679028,
    0.005188111523163686,
    0.005185305137081949,
    0.005182513811807646,
    0.005179737391120774,
    0.005176975720202316,
    0.005174228645628838,
    0.005171496015367111,
    0.005168777678768561,
    0.00516607348656368,
    0.0051633832908563205,
    0.00516070694511791,
    0.0051580443041816006,
    0.005155395224236316,
    0.005152759562820724,
    0.0051501371788171225,
    0.005147527932445265,
    0.0051449316852561254,
    0.0051423483001254875,
    0.0051397776412476365,
    0.005137219574128812,
    0.005134673965580691,
    0.005132140683713761,
    0.005129619597930654,
    0.00512711057891941,
    0.00512461349864662,
    0.005122128230350636,
    0.005119654648534598,
    0.005117192628959447,
    0.005114742048636904,
    0.005112302785822387,
    0.005109874720007825,
    0.005107457731914522,
    0.005105051703485831,
    0.005102656517879955,
    0.0051002720594625316,
    0.005097898213799272,
    0.00509553486764858,
    0.005093181908954011,
    0.005090839226836803,
    0.0050885067115883555,
    0.005086184254662597,
    0.005083871748668395,
    0.005081569087361923,
    0.005079276165638936,
    0.005076992879527105,
    0.0050747191261782355,
    0.005072454803860513,
    0.005070199811950735,
    0.005067954050926443,
    0.005065717422358115,
    0.005063489828901271,
    0.00506127117428862,
    0.0050590613633221355,
    0.005056860301865132,
    0.00505466789683432,
    0.005052484056191872,
    0.005050308688937434,
    0.005048141705100152,
    0.005045983015730676,
    0.005043832532893161,
    0.005041690169657241,
    0.005039555840090038,
    0.005037429459248096,
    0.00503531094316938,
    0.005033200208865224,
    0.005031097174312299,
    0.005029001758444561,
    0.005026913881145228,
    0.005024833463238702,
    0.00502276042648256,
    0.00502069469355952,
    0.005018636188069371,
    0.005016584834520966,
    0.005014540558324185,
    0.005012503285781929,
    0.005010472944082104,
    0.005008449461289595,
    0.005006432766338318,
    0.005004422789023177,
    0.005002419459992139,
    0.005000422710738247,
    0.004998432473591688,
    0.004996448681711839,
    0.004994471269079376,
    0.004992500170488343,
    0.004990535321538263,
    0.00498857665862631,
    0.004986624118939401,
    0.004984677640446401,
    0.00498273716189029,
    0.004980802622780381,
    0.0049788739633845535,
    0.00497695112472149,
    0.004975225498502093
  ],
  "learning_rate": 0.01,
  "architecture": {
    "input_size": 10,
    "hidden_size": 8,
    "output_size": 3
  }
}