{
  "epochs": [
    0,
    10,
    20,
    30,
    40,
    50,
    60,
    70,
    80,
    90,
    100,
    110,
    120,
    130,
    140,
    150,
    160,
    170,
    180,
    190,
    200,
    210,
    220,
    230,
    240,
    250,
    260,
    270,
    280,
    290,
    300,
    310,
    320,
    330,
    340,
    350,
    360,
    370,
    380,
    390,
    400,
    410,
    420,
    430,
    440,
    450,
    460,
    470,
    480,
    490,
    500,
    510,
    520,
    530,
    540,
    550,
    560,
    570,
    580,
    590,
    600,
    610,
    620,
    630,
    640,
    650,
    660,
    670,
    680,
    690,
    700,
    710,
    720,
    730,
    740,
    750,
    760,
    770,
    780,
    790,
    800,
    810,
    820,
    830,
    840,
    850,
    860,
    870,
    880,
    890,
    900,
    910,
    920,
    930,
    940,
    950,
    960,
    970,
    980,
    990,
    1000,
    1010,
    1020,
    1030,
    1040,
    1050,
    1060,
    1070,
    1080,
    1090,
    1100,
    1110,
    1120,
    1130,
    1140,
    1150,
    1160,
    1170,
    1180,
    1190,
    1200,
    1210,
    1220,
    1230,
    1240,
    1250,
    1260,
    1270,
    1280,
    1290,
    1300,
    1310,
    1320,
    1330,
    1340,
    1350,
    1360,
    1370,
    1380,
    1390,
    1400,
    1410,
    1420,
    1430,
    1440,
    1450,
    1460,
    1470,
    1480,
    1490,
    1500,
    1510,
    1520,
    1530,
    1540,
    1550,
    1560,
    1570,
    1580,
    1590,
    1600,
    1610,
    1620,
    1630,
    1640,
    1650,
    1660,
    1670,
    1680,
    1690,
    1700,
    1710,
    1720,
    1730,
    1740,
    1750,
    1760,
    1770,
    1780,
    1790,
    1800,
    1810,
    1820,
    1830,
    1840,
    1850,
    1860,
    1870,
    1880,
    1890,
    1900,
    1910,
    1920,
    1930,
    1940,
    1950,
    1960,
    1970,
    1980,
    1990,
    1999
  ],
  "loss": [
    0.05954938635904865,
    0.04523933509161334,
    0.044707551009409985,
    0.043849780134456985,
    0.04233293116059913,
    0.039630920196923124,
    0.03512927106666351,
    0.0287555775544538,
    0.02183816466791874,
    0.01625443270116716,
    0.012596331164879486,
    0.010390025708506164,
    0.00905987112587338,
    0.00823056011209256,
    0.007690884170813066,
    0.007324138680355078,
    0.007064300328300481,
    0.006872689681682689,
    0.006725834849288831,
    0.006609040871728331,
    0.00651286861685986,
    0.006431132704278923,
    0.006359718657884214,
    0.006295858641180214,
    0.006237674199446564,
    0.006183880517302864,
    0.006133591735745729,
    0.006086191249532275,
    0.006041244639641099,
    0.005998440969962256,
    0.005957553120631958,
    0.005918410962816231,
    0.005880883217900125,
    0.0058448651950787165,
    0.005810270507685341,
    0.005777025480858295,
    0.00574506537820597,
    0.005714331856843667,
    0.005684771251347125,
    0.005656333416766059,
    0.005628970948572395,
    0.005602638656714641,
    0.0055772932109663335,
    0.0055528929017266875,
    0.005529397478589648,
    0.005506768041216834,
    0.005484966965271622,
    0.005463957851708717,
    0.0054437054914476726,
    0.005424175839984202,
    0.005405335998207228,
    0.005387154196859398,
    0.005369599782882114,
    0.00535264320644235,
    0.005336256007827012,
    0.005320410803664787,
    0.005305081272130698,
    0.005290242136928848,
    0.005275869149950513,
    0.005261939072578454,
    0.005248429655661791,
    0.005235319618224209,
    0.005222588624995416,
    0.005210217262874296,
    0.005198187016443784,
    0.005186480242664538,
    0.005175080144876601,
    0.005163970746238334,
    0.005153136862728755,
    0.005142564075834929,
    0.005132238705040302,
    0.005122147780223201,
    0.005112279014067309,
    0.00510262077457863,
    0.005093162057795659,
    0.005083892460772121,
    0.005074802154904171,
    0.005065881859667148,
    0.005057122816819961,
    0.005048516765129315,
    0.005040055915659732,
    0.005031732927669996,
    0.005023540885151505,
    0.005015473274039183,
    0.0050075239601211925,
    0.004999687167669588,
    0.004991957458810058,
    0.004984329713645313,
    0.004976799111143227,
    0.004969361110797594,
    0.004962011435066105,
    0.004954746052587392,
    0.004947561162175998,
    0.004940453177591391,
    0.0049334187130747045,
    0.004926454569644222,
    0.004919557722138334,
    0.0049127253069926255,
    0.004905954610735287,
    0.004899243059183641,
    0.004892588207322206,
    0.004885987729841728,
    0.004879439412316513,
    0.0048729411429968466,
    0.00486649090519154,
    0.0048600867702152896,
    0.004853726890874624,
    0.004847409495465627,
    0.004841132882256644,
    0.00483489541442864,
    0.004828695515446276,
    0.004822531664832745,
    0.004816402394321958,
    0.0048103062843619536,
    0.00480424196094418,
    0.0047982080927341225,
    0.004792203388479269,
    0.004786226594671663,
    0.004780276493443071,
    0.004774351900671938,
    0.00476845166428234,
    0.004762574662716223,
    0.004756719803561479,
    0.004750886022319356,
    0.004745072281296061,
    0.004739277568604293,
    0.0047335008972617795,
    0.004727741304374757,
    0.004721997850395602,
    0.004716269618444601,
    0.0047105557136869645,
    0.004704855262757158,
    0.004699167413223268,
    0.004693491333085207,
    0.004687826210301216,
    0.004682171252337855,
    0.004676525685739395,
    0.0046708887557130666,
    0.004665259725727333,
    0.004659637877120773,
    0.004654022508719638,
    0.004648412936462708,
    0.0046428084930323,
    0.004637208527490741,
    0.00463161240492189,
    0.004626019506077541,
    0.0046204292270287835,
    0.004614840978822674,
    0.004609254187144515,
    0.004603668291986479,
    0.004598082747323122,
    0.004592497020794661,
    0.004586910593398724,
    0.004581322959191511,
    0.004575733624999187,
    0.004570142110140402,
    0.004564547946160765,
    0.00455895067658009,
    0.004553349856653239,
    0.004547745053145194,
    0.004542135844121163,
    0.004536521818752192,
    0.004530902577136866,
    0.004525277730139577,
    0.004519646899245695,
    0.004514009716433909,
    0.004508365824066059,
    0.004502714874794382,
    0.004497056531486445,
    0.004491390467167565,
    0.004485716364980598,
    0.004480033918163005,
    0.0044743428300408,
    0.004468642814039033,
    0.004462933593708496,
    0.0044572149027680315,
    0.004451486485161877,
    0.0044457480951315695,
    0.004439999497301572,
    0.0044342404667779495,
    0.0044284707892592685,
    0.004422690261159032,
    0.004416898689738513,
    0.004411095893249292,
    0.004405281701084414,
    0.004399455953937261,
    0.00439361850396704,
    0.004387769214969848,
    0.0043819079625543305,
    0.004376034634320728,
    0.004370149130042298,
    0.004364251361847934,
    0.004358341254404871,
    0.0043524187451004365,
    0.004346483784221519,
    0.004340536335130877,
    0.004334576374438949,
    0.004328603892170208,
    0.004322618891922888,
    0.004316621391021011,
    0.004311212977642039
  ],
  "learning_rate": 0.05,
  "architecture": {
    "input_size": 10,
    "hidden_size": 8,
    "output_size": 3,
    "type": "one_hidden_layer"
  }
}