{
  "epochs": [
    0,
    10,
    20,
    30,
    40,
    50,
    60,
    70,
    80,
    90,
    100,
    110,
    120,
    130,
    140,
    150,
    160,
    170,
    180,
    190,
    200,
    210,
    220,
    230,
    240,
    250,
    260,
    270,
    280,
    290,
    300,
    310,
    320,
    330,
    340,
    350,
    360,
    370,
    380,
    390,
    400,
    410,
    420,
    430,
    440,
    450,
    460,
    470,
    480,
    490,
    500,
    510,
    520,
    530,
    540,
    550,
    560,
    570,
    580,
    590,
    600,
    610,
    620,
    630,
    640,
    650,
    660,
    670,
    680,
    690,
    700,
    710,
    720,
    730,
    740,
    750,
    760,
    770,
    780,
    790,
    800,
    810,
    820,
    830,
    840,
    850,
    860,
    870,
    880,
    890,
    900,
    910,
    920,
    930,
    940,
    950,
    960,
    970,
    980,
    990,
    1000,
    1010,
    1020,
    1030,
    1040,
    1050,
    1060,
    1070,
    1080,
    1090,
    1100,
    1110,
    1120,
    1130,
    1140,
    1150,
    1160,
    1170,
    1180,
    1190,
    1200,
    1210,
    1220,
    1230,
    1240,
    1250,
    1260,
    1270,
    1280,
    1290,
    1300,
    1310,
    1320,
    1330,
    1340,
    1350,
    1360,
    1370,
    1380,
    1390,
    1400,
    1410,
    1420,
    1430,
    1440,
    1450,
    1460,
    1470,
    1480,
    1490,
    1500,
    1510,
    1520,
    1530,
    1540,
    1550,
    1560,
    1570,
    1580,
    1590,
    1600,
    1610,
    1620,
    1630,
    1640,
    1650,
    1660,
    1670,
    1680,
    1690,
    1700,
    1710,
    1720,
    1730,
    1740,
    1750,
    1760,
    1770,
    1780,
    1790,
    1800,
    1810,
    1820,
    1830,
    1840,
    1850,
    1860,
    1870,
    1880,
    1890,
    1900,
    1910,
    1920,
    1930,
    1940,
    1950,
    1960,
    1970,
    1980,
    1990,
    1999
  ],
  "loss": [
    0.06930921817119212,
    0.04556606318058021,
    0.04539715205093861,
    0.04528696716221255,
    0.04517621660620181,
    0.0450626004955978,
    0.04494438766021374,
    0.044819779612753394,
    0.044686869074348275,
    0.04454360894983439,
    0.044387781227632976,
    0.04421696563505303,
    0.04402850838704268,
    0.04381949170851365,
    0.04358670524437702,
    0.04332662102884786,
    0.04303537439059672,
    0.04270875404131973,
    0.04234220563629134,
    0.04193085428220034,
    0.04146955272681863,
    0.04095296314629338,
    0.04037568128705909,
    0.03973241181301697,
    0.03901820248263779,
    0.038228741520064856,
    0.03736071649227726,
    0.03641222358556876,
    0.03538320336766184,
    0.034275863949366145,
    0.03309503745277847,
    0.03184840504121425,
    0.03054652476929028,
    0.02920261004728025,
    0.027832036664405143,
    0.02645160001368659,
    0.025078592311049027,
    0.023729808976408553,
    0.022420611250113995,
    0.02116416190328916,
    0.019970915286198255,
    0.018848393060427536,
    0.01780122744658952,
    0.01683141697395389,
    0.01593872152483495,
    0.015121123140096194,
    0.01437529129958669,
    0.013697009548083151,
    0.013081538795858697,
    0.012523907924059535,
    0.01201913311637874,
    0.011562373749939929,
    0.011149035599863083,
    0.010774832639403509,
    0.01043581783200274,
    0.010128391751644662,
    0.009849296120193455,
    0.00959559769535852,
    0.00936466651497436,
    0.009154151344645619,
    0.008961954277172349,
    0.008786205759851222,
    0.008625240838123016,
    0.008477577060495798,
    0.008341894254730153,
    0.00821701622991907,
    0.008101894360644053,
    0.007995592950687573,
    0.007897276242187452,
    0.007806196922521235,
    0.007721685979170048,
    0.007643143757867729,
    0.007570032088458519,
    0.007501867354047259,
    0.007438214390925184,
    0.007378681118575602,
    0.007322913810324814,
    0.007270592925643388,
    0.00722142943460111,
    0.007175161573510623,
    0.007131551978384533,
    0.007090385149539332,
    0.007051465206578409,
    0.007014613898156647,
    0.006979668835449125,
    0.006946481922190544,
    0.006914917957591586,
    0.006884853391433579,
    0.006856175213252471,
    0.006828779959794573,
    0.006802572826905335,
    0.00677746687373542,
    0.006753382308649784,
    0.006730245847534087,
    0.006707990136333222,
    0.0066865532306525,
    0.006665878126119582,
    0.0066459123339642585,
    0.006626607496934633,
    0.006607919041247493,
    0.006589805860776557,
    0.006572230030124834,
    0.006555156543615444,
    0.0065385530775741935,
    0.006522389773575317,
    0.0065066390405827575,
    0.0064912753741486725,
    0.006476275191032395,
    0.006461616677780179,
    0.006447279651962349,
    0.006433245434901815,
    0.006419496734849494,
    0.006406017539669231,
    0.0063927930181900865,
    0.006379809429467288,
    0.006367054039268633,
    0.006354515043168505,
    0.006342181495691241,
    0.006330043244997979,
    0.00631809087265803,
    0.006306315638087746,
    0.0062947094272777955,
    0.0062832647054629,
    0.006271974473419036,
    0.006260832227100111,
    0.00624983192035074,
    0.006238967930454188,
    0.00622823502629451,
    0.006217628338930417,
    0.006207143334394602,
    0.0061967757885479,
    0.006186521763830755,
    0.006176377587767605,
    0.00616633983309059,
    0.006156405299360241,
    0.0061465709959694775,
    0.006136834126426798,
    0.006127192073822079,
    0.0061176423873861695,
    0.006108182770061814,
    0.006098811067010221,
    0.006089525254982875,
    0.006080323432493795,
    0.006071203810732216,
    0.006062164705160183,
    0.0060532045277436955,
    0.006044321779769953,
    0.006035515045206787,
    0.006026782984563504,
    0.006018124329215606,
    0.006009537876158637,
    0.006001022483158707,
    0.005992577064270136,
    0.005984200585692425,
    0.005975892061941151,
    0.0059676505523089856,
    0.005959475157595189,
    0.005951365017083126,
    0.005943319305747161,
    0.005935337231671696,
    0.0059274180336661144,
    0.005919560979060994,
    0.005911765361671688,
    0.005904030499916849,
    0.005896355735079768,
    0.0058887404297020725,
    0.005881183966099415,
    0.005873685744990141,
    0.005866245184228093,
    0.005858861717631856,
    0.0058515347939029,
    0.005844263875625978,
    0.005837048438345475,
    0.005829887969711878,
    0.00582278196869301,
    0.005815729944845202,
    0.0058087314176396305,
    0.005801785915839795,
    0.005794892976926088,
    0.0057880521465639816,
    0.005781262978112333,
    0.0057745250321689446,
    0.005767837876150395,
    0.005761201083903492,
    0.005754614235346126,
    0.005748076916135021,
    0.005741588717358551,
    0.0057351492352525815,
    0.005728758070937611,
    0.005722414830175614,
    0.005716119123145044,
    0.005709870564232687,
    0.005703668771840966,
    0.005697513368209627,
    0.005691403979250715,
    0.005685340234395751,
    0.0056793217664542085,
    0.0056733482114825675,
    0.0056674192086629376,
    0.005661534400190681,
    0.005656275565352999
  ],
  "learning_rate": 0.01,
  "architecture": {
    "input_size": 10,
    "hidden_size": 8,
    "output_size": 3,
    "type": "one_hidden_layer"
  }
}