{
  "epochs": [
    0,
    10,
    20,
    30,
    40,
    50,
    60,
    70,
    80,
    90,
    100,
    110,
    120,
    130,
    140,
    150,
    160,
    170,
    180,
    190,
    200,
    210,
    220,
    230,
    240,
    250,
    260,
    270,
    280,
    290,
    300,
    310,
    320,
    330,
    340,
    350,
    360,
    370,
    380,
    390,
    400,
    410,
    420,
    430,
    440,
    450,
    460,
    470,
    480,
    490,
    500,
    510,
    520,
    530,
    540,
    550,
    560,
    570,
    580,
    590,
    600,
    610,
    620,
    630,
    640,
    650,
    660,
    670,
    680,
    690,
    700,
    710,
    720,
    730,
    740,
    750,
    760,
    770,
    780,
    790,
    800,
    810,
    820,
    830,
    840,
    850,
    860,
    870,
    880,
    890,
    900,
    910,
    920,
    930,
    940,
    950,
    960,
    970,
    980,
    990,
    1000,
    1010,
    1020,
    1030,
    1040,
    1050,
    1060,
    1070,
    1080,
    1090,
    1100,
    1110,
    1120,
    1130,
    1140,
    1150,
    1160,
    1170,
    1180,
    1190,
    1200,
    1210,
    1220,
    1230,
    1240,
    1250,
    1260,
    1270,
    1280,
    1290,
    1300,
    1310,
    1320,
    1330,
    1340,
    1350,
    1360,
    1370,
    1380,
    1390,
    1400,
    1410,
    1420,
    1430,
    1440,
    1450,
    1460,
    1470,
    1480,
    1490,
    1500,
    1510,
    1520,
    1530,
    1540,
    1550,
    1560,
    1570,
    1580,
    1590,
    1600,
    1610,
    1620,
    1630,
    1640,
    1650,
    1660,
    1670,
    1680,
    1690,
    1700,
    1710,
    1720,
    1730,
    1740,
    1750,
    1760,
    1770,
    1780,
    1790,
    1800,
    1810,
    1820,
    1830,
    1840,
    1850,
    1860,
    1870,
    1880,
    1890,
    1900,
    1910,
    1920,
    1930,
    1940,
    1950,
    1960,
    1970,
    1980,
    1990,
    1999
  ],
  "loss": [
    0.0050059624536471226,
    0.0050070015086718135,
    0.004997606814637453,
    0.004988347590738567,
    0.004979215145364885,
    0.004970203113102231,
    0.004961306079532168,
    0.004952519023693127,
    0.004943837146492295,
    0.004935255839531077,
    0.004926770696274311,
    0.004918377529010294,
    0.004910072380012095,
    0.00490185152483807,
    0.004893711468900598,
    0.00488564893915605,
    0.004877660872628869,
    0.0048697444031113235,
    0.004861896847009869,
    0.0048541156890069695,
    0.004846398567981389,
    0.004838743263469489,
    0.004831147682838732,
    0.004823609849268932,
    0.0048161278905862834,
    0.004808700028962083,
    0.004801324571465901,
    0.004793999901449487,
    0.004786724470728505,
    0.004779496792524106,
    0.004772315435123185,
    0.004765179016214593,
    0.004758086197857917,
    0.004751035682041685,
    0.004744026206788247,
    0.004737056542763671,
    0.004730125490351906,
    0.004723231877154014,
    0.00471637455587467,
    0.004709552402559636,
    0.004702764315149835,
    0.004696009212319164,
    0.0046892860325652395,
    0.004682593733523911,
    0.00467593129148046,
    0.004669297701052093,
    0.0046626919750183795,
    0.0046561131442779385,
    0.004649560257911634,
    0.004643032383334137,
    0.004636528606517444,
    0.0046300480322716935,
    0.004623589784569698,
    0.004617153006903612,
    0.004610736862663066,
    0.0046043405355255355,
    0.004597963229850813,
    0.004591604171072546,
    0.004585262606080803,
    0.004578937803590403,
    0.004572629054490692,
    0.004566335672173098,
    0.004560056992833417,
    0.004553792375746404,
    0.004547541203510782,
    0.004541302882263164,
    0.004535076841859759,
    0.004528862536025234,
    0.004522659442468171,
    0.004516467062962989,
    0.004510284923398446,
    0.0045041125737927505,
    0.004497949588275872,
    0.004491795565039423,
    0.004485650126254808,
    0.0044795129179603516,
    0.004473383609918169,
    0.004467261895441665,
    0.004461147491194554,
    0.004455040136962355,
    0.004448939595397298,
    0.004442845651737681,
    0.004436758113502633,
    0.0044306768101633615,
    0.004424601592791849,
    0.004418532333688014,
    0.004412468925986494,
    0.004406411283243817,
    0.00440035933900722,
    0.004394313046365995,
    0.004388272377486345,
    0.0043822373231308135,
    0.0043762078921631775,
    0.0043701841110398675,
    0.004364166023288758,
    0.004358153688976387,
    0.004352147184164407,
    0.004346146600356376,
    0.00434015204393564,
    0.004334163635595233,
    0.004328181509760844,
    0.004322205814007557,
    0.004316236708471318,
    0.004310274365256068,
    0.004304318967837288,
    0.004298370710462907,
    0.004292429797552443,
    0.00428649644309508,
    0.004280570870047738,
    0.004274653309733771,
    0.00426874400124328,
    0.004262843190835682,
    0.004256951131345567,
    0.004251068081592451,
    0.00424519430579533,
    0.004239330072992768,
    0.004233475656469307,
    0.004227631333188987,
    0.004221797383236657,
    0.004215974089267871,
    0.004210161735968024,
    0.004204360609521525,
    0.004198570997091563,
    0.004192793186311187,
    0.004187027464786368,
    0.004181274119611562,
    0.004175533436898478,
    0.0041698057013184785,
    0.00416409119565928,
    0.004158390200396303,
    0.004152702993279293,
    0.004147029848934538,
    0.004141371038483126,
    0.004135726829175585,
    0.004130097484043242,
    0.004124483261566642,
    0.004118884415361137,
    0.004113301193880024,
    0.004107733840135266,
    0.004102182591435977,
    0.004096647679144772,
    0.004091129328452003,
    0.004085627758167839,
    0.004080143180532239,
    0.0040746758010426825,
    0.004069225818299467,
    0.004063793423868585,
    0.004058378802161759,
    0.004052982130333593,
    0.004047603578195339,
    0.00404224330814522,
    0.004036901475114692,
    0.004031578226530455,
    0.004026273702291674,
    0.004020988034762036,
    0.0040157213487760895,
    0.004010473761659418,
    0.004005245383262096,
    0.004000036316004868,
    0.003994846654937498,
    0.003989676487808669,
    0.003984525895146839,
    0.003979394950351468,
    0.003974283719793924,
    0.003969192262927459,
    0.003964120632405666,
    0.003959068874208652,
    0.003954037027776354,
    0.003949025126148404,
    0.003944033196109761,
    0.003939061258341581,
    0.003934109327576664,
    0.003929177412758825,
    0.003924265517205638,
    0.003919373638773918,
    0.0039145017700273595,
    0.003909649898405789,
    0.0039048180063954896,
    0.0039000060717,
    0.0038952140674110482,
    0.003890441962178885,
    0.003885689720381884,
    0.003880957302294623,
    0.0038762446642543443,
    0.003871551758825177,
    0.003866878534959932,
    0.003862224938159018,
    0.003857590910626275,
    0.0038529763914213243,
    0.003848381316608308,
    0.003843805619400723,
    0.0038392492303021583,
    0.0038347120772427817,
    0.0038301940857113632,
    0.003825695178882867,
    0.0038212152777413037,
    0.0038167543011979454,
    0.0038123121662047375,
    0.0038078887878629473,
    0.003803484079527012,
    0.003799535731937729
  ],
  "learning_rate": 0.05,
  "architecture": {
    "input_size": 10,
    "hidden_size": 8,
    "output_size": 3
  }
}