{
  "epochs": [
    0,
    10,
    20,
    30,
    40,
    50,
    60,
    70,
    80,
    90,
    100,
    110,
    120,
    130,
    140,
    150,
    160,
    170,
    180,
    190,
    200,
    210,
    220,
    230,
    240,
    250,
    260,
    270,
    280,
    290,
    300,
    310,
    320,
    330,
    340,
    350,
    360,
    370,
    380,
    390,
    400,
    410,
    420,
    430,
    440,
    450,
    460,
    470,
    480,
    490,
    500,
    510,
    520,
    530,
    540,
    550,
    560,
    570,
    580,
    590,
    600,
    610,
    620,
    630,
    640,
    650,
    660,
    670,
    680,
    690,
    700,
    710,
    720,
    730,
    740,
    750,
    760,
    770,
    780,
    790,
    800,
    810,
    820,
    830,
    840,
    850,
    860,
    870,
    880,
    890,
    900,
    910,
    920,
    930,
    940,
    950,
    960,
    970,
    980,
    990,
    999
  ],
  "loss": [
    0.004975034048552942,
    0.0049731226773760545,
    0.004971216954415655,
    0.0049693168236166485,
    0.004967422229636334,
    0.0049655331178368204,
    0.00496364943427746,
    0.004961771125707312,
    0.004959898139557603,
    0.00495803042393424,
    0.004956167927610347,
    0.004954310600018862,
    0.004952458391245099,
    0.0049506112520194216,
    0.004948769133709866,
    0.00494693198831487,
    0.004945099768456004,
    0.004943272427370716,
    0.004941449918905124,
    0.004939632197506909,
    0.0049378192182181055,
    0.004936010936668067,
    0.004934207309066382,
    0.004932408292195874,
    0.004930613843405578,
    0.0049288239206038646,
    0.004927038482251466,
    0.004925257487354657,
    0.004923480895458396,
    0.0049217086666395685,
    0.004919940761500228,
    0.004918177141160889,
    0.004916417767253872,
    0.0049146626019166625,
    0.0049129116077853896,
    0.004911164747988194,
    0.004909421986138833,
    0.004907683286330188,
    0.004905948613127833,
    0.004904217931563734,
    0.0049024912071298915,
    0.004900768405772085,
    0.004899049493883636,
    0.004897334438299247,
    0.004895623206288865,
    0.0048939157655515705,
    0.00489221208420958,
    0.004890512130802223,
    0.004888815874279989,
    0.004887123283998674,
    0.004885434329713496,
    0.004883748981573279,
    0.0048820672101147575,
    0.004880388986256824,
    0.004878714281294882,
    0.0048770430668952725,
    0.004875375315089685,
    0.004873710998269643,
    0.004872050089181099,
    0.004870392560918991,
    0.004868738386921876,
    0.004867087540966649,
    0.0048654399971633155,
    0.004863795729949712,
    0.004862154714086443,
    0.004860516924651703,
    0.004858882337036277,
    0.004857250926938522,
    0.004855622670359438,
    0.004853997543597747,
    0.00485237552324508,
    0.00485075658618114,
    0.0048491407095690425,
    0.004847527870850529,
    0.004845918047741426,
    0.004844311218227002,
    0.004842707360557447,
    0.0048411064532434085,
    0.004839508475051567,
    0.00483791340500024,
    0.004836321222355088,
    0.004834731906624809,
    0.004833145437556964,
    0.004831561795133771,
    0.004829980959568037,
    0.004828402911299044,
    0.004826827630988579,
    0.0048252550995169525,
    0.004823685297979124,
    0.004822118207680812,
    0.004820553810134706,
    0.004818992087056726,
    0.004817433020362307,
    0.004815876592162761,
    0.004814322784761684,
    0.004812771580651385,
    0.004811222962509414,
    0.0048096769131951295,
    0.0048081334157462526,
    0.004806592453375587,
    0.004805207740997682
  ],
  "learning_rate": 0.01,
  "architecture": {
    "input_size": 10,
    "hidden_size": 8,
    "output_size": 3
  }
}