{
  "epochs": [
    0,
    10,
    20,
    30,
    40,
    50,
    60,
    70,
    80,
    90,
    100,
    110,
    120,
    130,
    140,
    150,
    160,
    170,
    180,
    190,
    200,
    210,
    220,
    230,
    240,
    250,
    260,
    270,
    280,
    290,
    300,
    310,
    320,
    330,
    340,
    350,
    360,
    370,
    380,
    390,
    400,
    410,
    420,
    430,
    440,
    450,
    460,
    470,
    480,
    490,
    500,
    510,
    520,
    530,
    540,
    550,
    560,
    570,
    580,
    590,
    600,
    610,
    620,
    630,
    640,
    650,
    660,
    670,
    680,
    690,
    700,
    710,
    720,
    730,
    740,
    750,
    760,
    770,
    780,
    790,
    800,
    810,
    820,
    830,
    840,
    850,
    860,
    870,
    880,
    890,
    900,
    910,
    920,
    930,
    940,
    950,
    960,
    970,
    980,
    990,
    1000,
    1010,
    1020,
    1030,
    1040,
    1050,
    1060,
    1070,
    1080,
    1090,
    1100,
    1110,
    1120,
    1130,
    1140,
    1150,
    1160,
    1170,
    1180,
    1190,
    1200,
    1210,
    1220,
    1230,
    1240,
    1250,
    1260,
    1270,
    1280,
    1290,
    1300,
    1310,
    1320,
    1330,
    1340,
    1350,
    1360,
    1370,
    1380,
    1390,
    1400,
    1410,
    1420,
    1430,
    1440,
    1450,
    1460,
    1470,
    1480,
    1490,
    1500,
    1510,
    1520,
    1530,
    1540,
    1550,
    1560,
    1570,
    1580,
    1590,
    1600,
    1610,
    1620,
    1630,
    1640,
    1650,
    1660,
    1670,
    1680,
    1690,
    1700,
    1710,
    1720,
    1730,
    1740,
    1750,
    1760,
    1770,
    1780,
    1790,
    1800,
    1810,
    1820,
    1830,
    1840,
    1850,
    1860,
    1870,
    1880,
    1890,
    1900,
    1910,
    1920,
    1930,
    1940,
    1950,
    1960,
    1970,
    1980,
    1990,
    1999
  ],
  "loss": [
    0.00496392665553145,
    0.004963524902161516,
    0.004963198927387749,
    0.004962920564429717,
    0.0049626724668796526,
    0.004962443797883638,
    0.0049622277175441765,
    0.004962019873278769,
    0.004961817474846242,
    0.004961618720389699,
    0.004961422437228165,
    0.004961227855617967,
    0.004961034465504753,
    0.0049608419253695255,
    0.00496065000392465,
    0.004960458542611739,
    0.004960267431327244,
    0.004960076592597686,
    0.004959885971179679,
    0.004959695527162653,
    0.0049595052313483,
    0.004959315062120796,
    0.0049591250033016255,
    0.004958935042660731,
    0.004958745170869847,
    0.004958555380757145,
    0.004958365666769673,
    0.0049581760245807835,
    0.004957986450800294,
    0.0049577969427581125,
    0.004957607498341158,
    0.004957418115869481,
    0.004957228794001347,
    0.004957039531660125,
    0.004956850327977629,
    0.004956661182250027,
    0.004956472093903301,
    0.004956283062466256,
    0.004956094087549235,
    0.0049559051688273445,
    0.004955716306027217,
    0.004955527498916507,
    0.004955338747295626,
    0.004955150050991124,
    0.004954961409850455,
    0.004954772823737835,
    0.004954584292530918,
    0.004954395816118163,
    0.004954207394396727,
    0.004954019027270811,
    0.0049538307146502775,
    0.0049536424564496405,
    0.004953454252587172,
    0.00495326610298424,
    0.004953078007564744,
    0.00495288996625469,
    0.0049527019789818464,
    0.004952514045675448,
    0.00495232616626598,
    0.004952138340684975,
    0.004951950568864912,
    0.004951762850739031,
    0.004951575186241317,
    0.0049513875753063406,
    0.004951200017869248,
    0.004951012513865697,
    0.004950825063231793,
    0.004950637665904103,
    0.004950450321819563,
    0.004950263030915502,
    0.004950075793129608,
    0.004949888608399893,
    0.004949701476664703,
    0.004949514397862688,
    0.0049493273719328134,
    0.0049491403988143196,
    0.004948953478446723,
    0.00494876661076984,
    0.0049485797957237315,
    0.004948393033248716,
    0.0049482063232853864,
    0.004948019665774568,
    0.004947833060657345,
    0.004947646507875036,
    0.004947460007369176,
    0.004947273559081551,
    0.004947087162954183,
    0.004946900818929293,
    0.004946714526949328,
    0.004946528286956974,
    0.004946342098895091,
    0.00494615596270678,
    0.0049459698783353235,
    0.004945783845724236,
    0.004945597864817206,
    0.004945411935558118,
    0.004945226057891082,
    0.004945040231760362,
    0.004944854457110431,
    0.004944668733885938,
    0.0049444830620317326,
    0.004944297441492817,
    0.004944111872214396,
    0.0049439263541418465,
    0.004943740887220702,
    0.004943555471396692,
    0.0049433701066156945,
    0.00494318479282376,
    0.004942999529967115,
    0.0049428143179921355,
    0.004942629156845357,
    0.004942444046473486,
    0.0049422589868233745,
    0.004942073977842029,
    0.004941889019476622,
    0.004941704111674462,
    0.004941519254383016,
    0.00494133444754988,
    0.004941149691122833,
    0.004940964985049758,
    0.004940780329278703,
    0.004940595723757859,
    0.004940411168435535,
    0.004940226663260198,
    0.004940042208180438,
    0.004939857803145,
    0.004939673448102736,
    0.004939489143002636,
    0.00493930488779384,
    0.004939120682425588,
    0.00493893652684727,
    0.004938752421008401,
    0.004938568364858601,
    0.004938384358347629,
    0.004938200401425369,
    0.004938016494041818,
    0.0049378326361470964,
    0.004937648827691448,
    0.004937465068625216,
    0.004937281358898894,
    0.004937097698463055,
    0.004936914087268416,
    0.0049367305252657695,
    0.00493654701240607,
    0.004936363548640337,
    0.004936180133919738,
    0.004935996768195521,
    0.00493581345141905,
    0.004935630183541813,
    0.004935446964515386,
    0.0049352637942914465,
    0.004935080672821789,
    0.004934897600058314,
    0.004934714575953018,
    0.004934531600458004,
    0.0049343486735254575,
    0.004934165795107686,
    0.0049339829651570966,
    0.004933800183626179,
    0.0049336174504675395,
    0.0049334347656338606,
    0.004933252129077935,
    0.004933069540752664,
    0.004932887000611004,
    0.004932704508606039,
    0.004932522064690941,
    0.00493233966881897,
    0.004932157320943475,
    0.004931975021017912,
    0.004931792768995797,
    0.004931610564830769,
    0.004931428408476535,
    0.0049312462998869,
    0.004931064239015764,
    0.004930882225817097,
    0.004930700260244973,
    0.0049305183422535355,
    0.004930336471797025,
    0.0049301546488297755,
    0.00492997287330619,
    0.004929791145180757,
    0.004929609464408061,
    0.0049294278309427566,
    0.004929246244739584,
    0.004929064705753379,
    0.004928883213939036,
    0.004928701769251545,
    0.004928520371645979,
    0.004928339021077483,
    0.004928157717501287,
    0.004927976460872688,
    0.004927795251147085,
    0.004927614088279937,
    0.004927432972226781,
    0.004927251902943249,
    0.004927070880385021,
    0.004926889904507885,
    0.004926708975267678,
    0.004926528092620329,
    0.0049263472565218396,
    0.004926184543796163
  ],
  "learning_rate": 0.001,
  "architecture": {
    "input_size": 10,
    "hidden_size": 8,
    "output_size": 3
  }
}