{
  "epochs": [
    0,
    10,
    20,
    30,
    40,
    50,
    60,
    70,
    80,
    90,
    100,
    110,
    120,
    130,
    140,
    150,
    160,
    170,
    180,
    190,
    200,
    210,
    220,
    230,
    240,
    250,
    260,
    270,
    280,
    290,
    300,
    310,
    320,
    330,
    340,
    350,
    360,
    370,
    380,
    390,
    400,
    410,
    420,
    430,
    440,
    450,
    460,
    470,
    480,
    490,
    500,
    510,
    520,
    530,
    540,
    550,
    560,
    570,
    580,
    590,
    600,
    610,
    620,
    630,
    640,
    650,
    660,
    670,
    680,
    690,
    700,
    710,
    720,
    730,
    740,
    750,
    760,
    770,
    780,
    790,
    800,
    810,
    820,
    830,
    840,
    850,
    860,
    870,
    880,
    890,
    900,
    910,
    920,
    930,
    940,
    950,
    960,
    970,
    980,
    990,
    1000,
    1010,
    1020,
    1030,
    1040,
    1050,
    1060,
    1070,
    1080,
    1090,
    1100,
    1110,
    1120,
    1130,
    1140,
    1150,
    1160,
    1170,
    1180,
    1190,
    1200,
    1210,
    1220,
    1230,
    1240,
    1250,
    1260,
    1270,
    1280,
    1290,
    1300,
    1310,
    1320,
    1330,
    1340,
    1350,
    1360,
    1370,
    1380,
    1390,
    1400,
    1410,
    1420,
    1430,
    1440,
    1450,
    1460,
    1470,
    1480,
    1490,
    1500,
    1510,
    1520,
    1530,
    1540,
    1550,
    1560,
    1570,
    1580,
    1590,
    1600,
    1610,
    1620,
    1630,
    1640,
    1650,
    1660,
    1670,
    1680,
    1690,
    1700,
    1710,
    1720,
    1730,
    1740,
    1750,
    1760,
    1770,
    1780,
    1790,
    1800,
    1810,
    1820,
    1830,
    1840,
    1850,
    1860,
    1870,
    1880,
    1890,
    1900,
    1910,
    1920,
    1930,
    1940,
    1950,
    1960,
    1970,
    1980,
    1990,
    1999
  ],
  "loss": [
    0.004975034048552942,
    0.0049731226773760545,
    0.004971216954415655,
    0.0049693168236166485,
    0.004967422229636334,
    0.0049655331178368204,
    0.00496364943427746,
    0.004961771125707312,
    0.004959898139557603,
    0.00495803042393424,
    0.004956167927610347,
    0.004954310600018862,
    0.004952458391245099,
    0.0049506112520194216,
    0.004948769133709866,
    0.00494693198831487,
    0.004945099768456004,
    0.004943272427370716,
    0.004941449918905124,
    0.004939632197506909,
    0.0049378192182181055,
    0.004936010936668067,
    0.004934207309066382,
    0.004932408292195874,
    0.004930613843405578,
    0.0049288239206038646,
    0.004927038482251466,
    0.004925257487354657,
    0.004923480895458396,
    0.0049217086666395685,
    0.004919940761500228,
    0.004918177141160889,
    0.004916417767253872,
    0.0049146626019166625,
    0.0049129116077853896,
    0.004911164747988194,
    0.004909421986138833,
    0.004907683286330188,
    0.004905948613127833,
    0.004904217931563734,
    0.0049024912071298915,
    0.004900768405772085,
    0.004899049493883636,
    0.004897334438299247,
    0.004895623206288865,
    0.0048939157655515705,
    0.00489221208420958,
    0.004890512130802223,
    0.004888815874279989,
    0.004887123283998674,
    0.004885434329713496,
    0.004883748981573279,
    0.0048820672101147575,
    0.004880388986256824,
    0.004878714281294882,
    0.0048770430668952725,
    0.004875375315089685,
    0.004873710998269643,
    0.004872050089181099,
    0.004870392560918991,
    0.004868738386921876,
    0.004867087540966649,
    0.0048654399971633155,
    0.004863795729949712,
    0.004862154714086443,
    0.004860516924651703,
    0.004858882337036277,
    0.004857250926938522,
    0.004855622670359438,
    0.004853997543597747,
    0.00485237552324508,
    0.00485075658618114,
    0.0048491407095690425,
    0.004847527870850529,
    0.004845918047741426,
    0.004844311218227002,
    0.004842707360557447,
    0.0048411064532434085,
    0.004839508475051567,
    0.00483791340500024,
    0.004836321222355088,
    0.004834731906624809,
    0.004833145437556964,
    0.004831561795133771,
    0.004829980959568037,
    0.004828402911299044,
    0.004826827630988579,
    0.0048252550995169525,
    0.004823685297979124,
    0.004822118207680812,
    0.004820553810134706,
    0.004818992087056726,
    0.004817433020362307,
    0.004815876592162761,
    0.004814322784761684,
    0.004812771580651385,
    0.004811222962509414,
    0.0048096769131951295,
    0.0048081334157462526,
    0.004806592453375587,
    0.004805054009467668,
    0.004803518067575576,
    0.004801984611417668,
    0.004800453624874503,
    0.00479892509198572,
    0.004797398996946979,
    0.004795875324106959,
    0.004794354057964452,
    0.004792835183165394,
    0.004791318684500091,
    0.0047898045469003244,
    0.004788292755436675,
    0.00478678329531575,
    0.004785276151877545,
    0.004783771310592837,
    0.004782268757060569,
    0.004780768477005391,
    0.004779270456275099,
    0.00477777468083827,
    0.004776281136781817,
    0.004774789810308683,
    0.004773300687735501,
    0.004771813755490386,
    0.004770329000110653,
    0.004768846408240701,
    0.00476736596662985,
    0.00476588766213027,
    0.004764411481694922,
    0.0047629374123755825,
    0.00476146544132082,
    0.004759995555774149,
    0.004758527743072087,
    0.004757061990642332,
    0.004755598286001976,
    0.0047541366167556985,
    0.004752676970594085,
    0.004751219335291932,
    0.0047497636987065585,
    0.00474831004877623,
    0.004746858373518579,
    0.004745408661029056,
    0.004743960899479426,
    0.0047425150771163,
    0.00474107118225972,
    0.004739629203301715,
    0.004738189128705001,
    0.004736750947001589,
    0.004735314646791519,
    0.004733880216741613,
    0.004732447645584191,
    0.0047310169221159125,
    0.004729588035196595,
    0.004728160973748065,
    0.004726735726753076,
    0.004725312283254208,
    0.004723890632352816,
    0.0047224707632080466,
    0.004721052665035797,
    0.0047196363271077915,
    0.004718221738750641,
    0.004716808889344916,
    0.004715397768324291,
    0.004713988365174673,
    0.0047125806694333795,
    0.004711174670688353,
    0.00470977035857735,
    0.004708367722787208,
    0.004706966753053122,
    0.004705567439157941,
    0.004704169770931454,
    0.004702773738249779,
    0.004701379331034685,
    0.004699986539253017,
    0.004698595352916053,
    0.004697205762078984,
    0.004695817756840331,
    0.004694431327341426,
    0.004693046463765897,
    0.004691663156339156,
    0.004690281395327977,
    0.004688901171039992,
    0.004687522473823278,
    0.004686145294065941,
    0.004684769622195694,
    0.004683395448679506,
    0.004682022764023187,
    0.004680651558771102,
    0.0046792818235057735,
    0.004677913548847582,
    0.004676546725454491,
    0.004675181344021714,
    0.004673817395281447,
    0.004672454870002629,
    0.004671093758990674,
    0.004669734053087233,
    0.004668375743169991,
    0.004667018820152435,
    0.0046656632749836665,
    0.00466430909864822,
    0.0046629562821658655,
    0.004661739902612282
  ],
  "learning_rate": 0.01,
  "architecture": {
    "input_size": 10,
    "hidden_size": 8,
    "output_size": 3
  }
}